{"cameraMode":{"drawMode":0,"name":"Shaded","section":"Shading Mode"},"sceneLighting":true,"audioPlay":false,"sceneViewState":{"m_AlwaysRefresh":false,"showFog":true,"showSkybox":true,"showFlares":true,"showImageEffects":true,"showParticleSystems":true,"showVisualEffectGraphs":true,"m_FxEnabled":true},"in2DMode":false,"pivot":{"x":0.7463600635528565,"y":0.5306545495986939,"z":2.232973098754883},"rotation":{"x":-0.24089328944683076,"y":0.013681643642485142,"z":-0.00339514366351068,"w":-0.9704550504684448},"size":3.0081565380096437,"orthographic":false}