{"cameraMode":{"drawMode":0,"name":"Shaded","section":"Shading Mode"},"sceneLighting":false,"audioPlay":false,"sceneViewState":{"m_AlwaysRefresh":false,"showFog":true,"showSkybox":false,"showFlares":true,"showImageEffects":true,"showParticleSystems":true,"showVisualEffectGraphs":true,"m_FxEnabled":true},"in2DMode":false,"pivot":{"x":-0.028404314070940019,"y":0.7246916890144348,"z":0.40085434913635256},"rotation":{"x":-0.024300413206219674,"y":-0.023393969982862474,"z":0.0005690063699148595,"w":-0.999435305595398},"size":0.13892920315265656,"orthographic":false}